INSERT INTO User (user_id,name,picture,status,bio,fun_fact) VALUES (1,Shurwood,https://robohash.org/sintadeos.png?size=50x50&set=set1,analyzer,"Nam nulla. Integer pede justo, lacinia eget, tincidunt eget, tempus vel, pede. Morbi porttitor lorem id ligula. Suspendisse ornare consequat lectus. In est risus, auctor sed, tristique in, tempus sit amet, sem. Fusce consequat. Nulla nisl.",Nulla suscipit ligula in lacus. Curabitur at ipsum ac tellus semper interdum.)
INSERT INTO User (user_id,name,picture,status,bio,fun_fact) VALUES (2,Waring,https://robohash.org/nihilsintea.png?size=50x50&set=set1,reciprocal,"Aenean auctor gravida sem. Praesent id massa id nisl venenatis lacinia. Aenean sit amet justo. Morbi ut odio. Cras mi pede, malesuada in, imperdiet et, commodo vulputate, justo. In blandit ultrices enim. Lorem ipsum dolor sit amet, consectetuer adipiscing elit. Proin interdum mauris non ligula pellentesque ultrices. Phasellus id sapien in sapien iaculis congue. Vivamus metus arcu, adipiscing molestie, hendrerit at, vulputate vitae, nisl.","Vivamus vestibulum sagittis sapien. Cum sociis natoque penatibus et magnis dis parturient montes, nascetur ridiculus mus.")
INSERT INTO User (user_id,name,picture,status,bio,fun_fact) VALUES (3,Mordecai,https://robohash.org/oditrerumunde.png?size=50x50&set=set1,User-friendly,"Aliquam sit amet diam in magna bibendum imperdiet. Nullam orci pede, venenatis non, sodales sed, tincidunt eu, felis. Fusce posuere felis sed lacus. Morbi sem mauris, laoreet ut, rhoncus aliquet, pulvinar sed, nisl. Nunc rhoncus dui vel sem. Sed sagittis. Nam congue, risus semper porta volutpat, quam pede lobortis ligula, sit amet eleifend pede libero quis orci. Nullam molestie nibh in lectus. Pellentesque at nulla. Suspendisse potenti.","In sagittis dui vel nisl. Duis ac nibh. Fusce lacus purus, aliquet at, feugiat non, pretium quis, lectus. Suspendisse potenti. In eleifend quam a odio.")
INSERT INTO User (user_id,name,picture,status,bio,fun_fact) VALUES (4,Normand,https://robohash.org/quiassumendaaccusamus.png?size=50x50&set=set1,Customizable,"Fusce posuere felis sed lacus. Morbi sem mauris, laoreet ut, rhoncus aliquet, pulvinar sed, nisl. Nunc rhoncus dui vel sem. Sed sagittis. Nam congue, risus semper porta volutpat, quam pede lobortis ligula, sit amet eleifend pede libero quis orci. Nullam molestie nibh in lectus. Pellentesque at nulla.","Morbi porttitor lorem id ligula. Suspendisse ornare consequat lectus. In est risus, auctor sed, tristique in, tempus sit amet, sem. Fusce consequat. Nulla nisl. Nunc nisl. Duis bibendum, felis sed interdum venenatis, turpis enim blandit mi, in porttitor pede justo eu massa. Donec dapibus. Duis at velit eu est congue elementum. In hac habitasse platea dictumst.")
INSERT INTO User (user_id,name,picture,status,bio,fun_fact) VALUES (5,Domeniga,https://robohash.org/quasiquiased.png?size=50x50&set=set1,regional,"Nunc purus. Phasellus in felis. Donec semper sapien a libero. Nam dui. Proin leo odio, porttitor id, consequat in, consequat ut, nulla. Sed accumsan felis. Ut at dolor quis odio consequat varius. Integer ac leo. Pellentesque ultrices mattis odio. Donec vitae nisi.","Aenean fermentum. Donec ut mauris eget massa tempor convallis. Nulla neque libero, convallis eget, eleifend luctus, ultricies eu, nibh. Quisque id justo sit amet sapien dignissim vestibulum. Vestibulum ante ipsum primis in faucibus orci luctus et ultrices posuere cubilia Curae; Nulla dapibus dolor vel est. Donec odio justo, sollicitudin ut, suscipit a, feugiat et, eros. Vestibulum ac est lacinia nisi venenatis tristique. Fusce congue, diam id ornare imperdiet, sapien urna pretium nisl, ut volutpat sapien arcu sed augue.")
INSERT INTO User (user_id,name,picture,status,bio,fun_fact) VALUES (6,Dore,https://robohash.org/rerumfugitaperiam.png?size=50x50&set=set1,discrete,Mauris sit amet eros. Suspendisse accumsan tortor quis turpis. Sed ante.,Duis bibendum. Morbi non quam nec dui luctus rutrum. Nulla tellus.)
INSERT INTO User (user_id,name,picture,status,bio,fun_fact) VALUES (7,Leslie,https://robohash.org/doloribuslaborerem.png?size=50x50&set=set1,Reverse-engineered,"Morbi odio odio, elementum eu, interdum eu, tincidunt in, leo.","Vestibulum ac est lacinia nisi venenatis tristique. Fusce congue, diam id ornare imperdiet, sapien urna pretium nisl, ut volutpat sapien arcu sed augue. Aliquam erat volutpat. In congue. Etiam justo. Etiam pretium iaculis justo. In hac habitasse platea dictumst. Etiam faucibus cursus urna.")
INSERT INTO User (user_id,name,picture,status,bio,fun_fact) VALUES (8,Liuka,https://robohash.org/sintreiciendisrerum.png?size=50x50&set=set1,encompassing,Duis bibendum. Morbi non quam nec dui luctus rutrum. Nulla tellus. In sagittis dui vel nisl.,"Fusce consequat. Nulla nisl. Nunc nisl. Duis bibendum, felis sed interdum venenatis, turpis enim blandit mi, in porttitor pede justo eu massa. Donec dapibus.")
INSERT INTO User (user_id,name,picture,status,bio,fun_fact) VALUES (9,Daffy,https://robohash.org/istenonfugiat.png?size=50x50&set=set1,Face to face,"Phasellus id sapien in sapien iaculis congue. Vivamus metus arcu, adipiscing molestie, hendrerit at, vulputate vitae, nisl. Aenean lectus. Pellentesque eget nunc. Donec quis orci eget orci vehicula condimentum. Curabitur in libero ut massa volutpat convallis. Morbi odio odio, elementum eu, interdum eu, tincidunt in, leo. Maecenas pulvinar lobortis est. Phasellus sit amet erat. Nulla tempus.",Nullam sit amet turpis elementum ligula vehicula consequat. Morbi a ipsum.)
INSERT INTO User (user_id,name,picture,status,bio,fun_fact) VALUES (10,Cherianne,https://robohash.org/voluptatemconsequaturoptio.png?size=50x50&set=set1,3rd generation,"Nulla tellus. In sagittis dui vel nisl. Duis ac nibh. Fusce lacus purus, aliquet at, feugiat non, pretium quis, lectus. Suspendisse potenti. In eleifend quam a odio. In hac habitasse platea dictumst. Maecenas ut massa quis augue luctus tincidunt. Nulla mollis molestie lorem.",Suspendisse potenti.)
INSERT INTO User (user_id,name,picture,status,bio,fun_fact) VALUES (11,Hinda,https://robohash.org/eossuntnumquam.png?size=50x50&set=set1,neural-net,"Cum sociis natoque penatibus et magnis dis parturient montes, nascetur ridiculus mus. Vivamus vestibulum sagittis sapien. Cum sociis natoque penatibus et magnis dis parturient montes, nascetur ridiculus mus. Etiam vel augue. Vestibulum rutrum rutrum neque. Aenean auctor gravida sem. Praesent id massa id nisl venenatis lacinia. Aenean sit amet justo. Morbi ut odio.","Curabitur gravida nisi at nibh. In hac habitasse platea dictumst. Aliquam augue quam, sollicitudin vitae, consectetuer eget, rutrum at, lorem. Integer tincidunt ante vel ipsum. Praesent blandit lacinia erat. Vestibulum sed magna at nunc commodo placerat. Praesent blandit. Nam nulla.")
INSERT INTO User (user_id,name,picture,status,bio,fun_fact) VALUES (12,Alvy,https://robohash.org/impeditsaepeexplicabo.png?size=50x50&set=set1,moratorium,Nunc rhoncus dui vel sem.,Nulla suscipit ligula in lacus. Curabitur at ipsum ac tellus semper interdum.)
INSERT INTO User (user_id,name,picture,status,bio,fun_fact) VALUES (13,Harland,https://robohash.org/quidebitisnihil.png?size=50x50&set=set1,knowledge base,"Suspendisse accumsan tortor quis turpis. Sed ante. Vivamus tortor. Duis mattis egestas metus. Aenean fermentum. Donec ut mauris eget massa tempor convallis. Nulla neque libero, convallis eget, eleifend luctus, ultricies eu, nibh.","In sagittis dui vel nisl. Duis ac nibh. Fusce lacus purus, aliquet at, feugiat non, pretium quis, lectus. Suspendisse potenti. In eleifend quam a odio. In hac habitasse platea dictumst. Maecenas ut massa quis augue luctus tincidunt. Nulla mollis molestie lorem. Quisque ut erat. Curabitur gravida nisi at nibh.")
INSERT INTO User (user_id,name,picture,status,bio,fun_fact) VALUES (14,Lilias,https://robohash.org/sedperspiciatisut.png?size=50x50&set=set1,application,"Fusce lacus purus, aliquet at, feugiat non, pretium quis, lectus. Suspendisse potenti. In eleifend quam a odio. In hac habitasse platea dictumst.",Nulla tempus. Vivamus in felis eu sapien cursus vestibulum. Proin eu mi.)
INSERT INTO User (user_id,name,picture,status,bio,fun_fact) VALUES (15,Merrili,https://robohash.org/repellatodioexplicabo.png?size=50x50&set=set1,emulation,"Pellentesque eget nunc. Donec quis orci eget orci vehicula condimentum. Curabitur in libero ut massa volutpat convallis. Morbi odio odio, elementum eu, interdum eu, tincidunt in, leo. Maecenas pulvinar lobortis est. Phasellus sit amet erat. Nulla tempus. Vivamus in felis eu sapien cursus vestibulum.","Donec semper sapien a libero. Nam dui. Proin leo odio, porttitor id, consequat in, consequat ut, nulla. Sed accumsan felis. Ut at dolor quis odio consequat varius. Integer ac leo. Pellentesque ultrices mattis odio.")
INSERT INTO User (user_id,name,picture,status,bio,fun_fact) VALUES (16,Sergeant,https://robohash.org/molestiasquised.png?size=50x50&set=set1,contingency,"Vestibulum ante ipsum primis in faucibus orci luctus et ultrices posuere cubilia Curae; Nulla dapibus dolor vel est. Donec odio justo, sollicitudin ut, suscipit a, feugiat et, eros. Vestibulum ac est lacinia nisi venenatis tristique. Fusce congue, diam id ornare imperdiet, sapien urna pretium nisl, ut volutpat sapien arcu sed augue. Aliquam erat volutpat.","Aliquam augue quam, sollicitudin vitae, consectetuer eget, rutrum at, lorem. Integer tincidunt ante vel ipsum. Praesent blandit lacinia erat. Vestibulum sed magna at nunc commodo placerat. Praesent blandit. Nam nulla. Integer pede justo, lacinia eget, tincidunt eget, tempus vel, pede. Morbi porttitor lorem id ligula. Suspendisse ornare consequat lectus. In est risus, auctor sed, tristique in, tempus sit amet, sem.")
INSERT INTO User (user_id,name,picture,status,bio,fun_fact) VALUES (17,Daven,https://robohash.org/nostrumoditesse.png?size=50x50&set=set1,cohesive,"Vestibulum rutrum rutrum neque. Aenean auctor gravida sem. Praesent id massa id nisl venenatis lacinia. Aenean sit amet justo. Morbi ut odio. Cras mi pede, malesuada in, imperdiet et, commodo vulputate, justo. In blandit ultrices enim. Lorem ipsum dolor sit amet, consectetuer adipiscing elit. Proin interdum mauris non ligula pellentesque ultrices.","Nullam molestie nibh in lectus. Pellentesque at nulla. Suspendisse potenti. Cras in purus eu magna vulputate luctus. Cum sociis natoque penatibus et magnis dis parturient montes, nascetur ridiculus mus. Vivamus vestibulum sagittis sapien. Cum sociis natoque penatibus et magnis dis parturient montes, nascetur ridiculus mus.")
INSERT INTO User (user_id,name,picture,status,bio,fun_fact) VALUES (18,Justis,https://robohash.org/aperiamdoloritaque.png?size=50x50&set=set1,paradigm,"Donec dapibus. Duis at velit eu est congue elementum. In hac habitasse platea dictumst. Morbi vestibulum, velit id pretium iaculis, diam erat fermentum justo, nec condimentum neque sapien placerat ante. Nulla justo. Aliquam quis turpis eget elit sodales scelerisque. Mauris sit amet eros.","Integer aliquet, massa id lobortis convallis, tortor risus dapibus augue, vel accumsan tellus nisi eu orci.")
INSERT INTO User (user_id,name,picture,status,bio,fun_fact) VALUES (19,Vita,https://robohash.org/cumminusminima.png?size=50x50&set=set1,circuit,"Mauris sit amet eros. Suspendisse accumsan tortor quis turpis. Sed ante. Vivamus tortor. Duis mattis egestas metus. Aenean fermentum. Donec ut mauris eget massa tempor convallis. Nulla neque libero, convallis eget, eleifend luctus, ultricies eu, nibh. Quisque id justo sit amet sapien dignissim vestibulum. Vestibulum ante ipsum primis in faucibus orci luctus et ultrices posuere cubilia Curae; Nulla dapibus dolor vel est.","Aliquam augue quam, sollicitudin vitae, consectetuer eget, rutrum at, lorem. Integer tincidunt ante vel ipsum. Praesent blandit lacinia erat. Vestibulum sed magna at nunc commodo placerat. Praesent blandit. Nam nulla. Integer pede justo, lacinia eget, tincidunt eget, tempus vel, pede. Morbi porttitor lorem id ligula.")
INSERT INTO User (user_id,name,picture,status,bio,fun_fact) VALUES (20,Brunhilda,https://robohash.org/autfaceresit.png?size=50x50&set=set1,success,"Donec ut dolor. Morbi vel lectus in quam fringilla rhoncus. Mauris enim leo, rhoncus sed, vestibulum sit amet, cursus id, turpis. Integer aliquet, massa id lobortis convallis, tortor risus dapibus augue, vel accumsan tellus nisi eu orci. Mauris lacinia sapien quis libero.","Nullam sit amet turpis elementum ligula vehicula consequat. Morbi a ipsum. Integer a nibh. In quis justo. Maecenas rhoncus aliquam lacus. Morbi quis tortor id nulla ultrices aliquet. Maecenas leo odio, condimentum id, luctus nec, molestie sed, justo. Pellentesque viverra pede ac diam.")
INSERT INTO User (user_id,name,picture,status,bio,fun_fact) VALUES (21,Jarid,https://robohash.org/hicvoluptascorporis.png?size=50x50&set=set1,installation,"Cras pellentesque volutpat dui. Maecenas tristique, est et tempus semper, est quam pharetra magna, ac consequat metus sapien ut nunc.","Praesent blandit. Nam nulla. Integer pede justo, lacinia eget, tincidunt eget, tempus vel, pede. Morbi porttitor lorem id ligula. Suspendisse ornare consequat lectus. In est risus, auctor sed, tristique in, tempus sit amet, sem. Fusce consequat. Nulla nisl. Nunc nisl.")
INSERT INTO User (user_id,name,picture,status,bio,fun_fact) VALUES (22,Darla,https://robohash.org/omnispariaturaut.png?size=50x50&set=set1,firmware,Ut tellus. Nulla ut erat id mauris vulputate elementum. Nullam varius. Nulla facilisi. Cras non velit nec nisi vulputate nonummy. Maecenas tincidunt lacus at velit.,"Phasellus id sapien in sapien iaculis congue. Vivamus metus arcu, adipiscing molestie, hendrerit at, vulputate vitae, nisl. Aenean lectus. Pellentesque eget nunc. Donec quis orci eget orci vehicula condimentum. Curabitur in libero ut massa volutpat convallis.")
INSERT INTO User (user_id,name,picture,status,bio,fun_fact) VALUES (23,Cammie,https://robohash.org/maximequiquod.png?size=50x50&set=set1,initiative,"Vestibulum ante ipsum primis in faucibus orci luctus et ultrices posuere cubilia Curae; Nulla dapibus dolor vel est. Donec odio justo, sollicitudin ut, suscipit a, feugiat et, eros. Vestibulum ac est lacinia nisi venenatis tristique. Fusce congue, diam id ornare imperdiet, sapien urna pretium nisl, ut volutpat sapien arcu sed augue. Aliquam erat volutpat. In congue. Etiam justo. Etiam pretium iaculis justo. In hac habitasse platea dictumst.","Lorem ipsum dolor sit amet, consectetuer adipiscing elit. Proin interdum mauris non ligula pellentesque ultrices. Phasellus id sapien in sapien iaculis congue. Vivamus metus arcu, adipiscing molestie, hendrerit at, vulputate vitae, nisl. Aenean lectus. Pellentesque eget nunc. Donec quis orci eget orci vehicula condimentum. Curabitur in libero ut massa volutpat convallis.")
INSERT INTO User (user_id,name,picture,status,bio,fun_fact) VALUES (24,Aluin,https://robohash.org/necessitatibusdoloremvoluptas.png?size=50x50&set=set1,non-volatile,"Quisque erat eros, viverra eget, congue eget, semper rutrum, nulla. Nunc purus. Phasellus in felis.","Integer ac neque. Duis bibendum. Morbi non quam nec dui luctus rutrum. Nulla tellus. In sagittis dui vel nisl. Duis ac nibh. Fusce lacus purus, aliquet at, feugiat non, pretium quis, lectus. Suspendisse potenti. In eleifend quam a odio. In hac habitasse platea dictumst.")
INSERT INTO User (user_id,name,picture,status,bio,fun_fact) VALUES (25,Matelda,https://robohash.org/sedutcorporis.png?size=50x50&set=set1,superstructure,Aliquam erat volutpat. In congue. Etiam justo. Etiam pretium iaculis justo.,"Aliquam non mauris. Morbi non lectus. Aliquam sit amet diam in magna bibendum imperdiet. Nullam orci pede, venenatis non, sodales sed, tincidunt eu, felis. Fusce posuere felis sed lacus. Morbi sem mauris, laoreet ut, rhoncus aliquet, pulvinar sed, nisl. Nunc rhoncus dui vel sem. Sed sagittis.")
INSERT INTO User (user_id,name,picture,status,bio,fun_fact) VALUES (26,Sutton,https://robohash.org/aliquidquosdoloribus.png?size=50x50&set=set1,hub,Nulla justo. Aliquam quis turpis eget elit sodales scelerisque. Mauris sit amet eros. Suspendisse accumsan tortor quis turpis.,Quisque ut erat. Curabitur gravida nisi at nibh. In hac habitasse platea dictumst.)
INSERT INTO User (user_id,name,picture,status,bio,fun_fact) VALUES (27,Barnett,https://robohash.org/facilisillodeleniti.png?size=50x50&set=set1,Ergonomic,"Nullam varius. Nulla facilisi. Cras non velit nec nisi vulputate nonummy. Maecenas tincidunt lacus at velit. Vivamus vel nulla eget eros elementum pellentesque. Quisque porta volutpat erat. Quisque erat eros, viverra eget, congue eget, semper rutrum, nulla. Nunc purus. Phasellus in felis.",Proin at turpis a pede posuere nonummy. Integer non velit.)
INSERT INTO User (user_id,name,picture,status,bio,fun_fact) VALUES (28,Chickie,https://robohash.org/etvoluptasnihil.png?size=50x50&set=set1,background,"Phasellus sit amet erat. Nulla tempus. Vivamus in felis eu sapien cursus vestibulum. Proin eu mi. Nulla ac enim. In tempor, turpis nec euismod scelerisque, quam turpis adipiscing lorem, vitae mattis nibh ligula nec sem. Duis aliquam convallis nunc. Proin at turpis a pede posuere nonummy. Integer non velit. Donec diam neque, vestibulum eget, vulputate ut, ultrices vel, augue.","Maecenas leo odio, condimentum id, luctus nec, molestie sed, justo. Pellentesque viverra pede ac diam. Cras pellentesque volutpat dui. Maecenas tristique, est et tempus semper, est quam pharetra magna, ac consequat metus sapien ut nunc. Vestibulum ante ipsum primis in faucibus orci luctus et ultrices posuere cubilia Curae; Mauris viverra diam vitae quam. Suspendisse potenti.")
INSERT INTO User (user_id,name,picture,status,bio,fun_fact) VALUES (29,Mei,https://robohash.org/inciduntsedoptio.png?size=50x50&set=set1,Realigned,"Donec quis orci eget orci vehicula condimentum. Curabitur in libero ut massa volutpat convallis. Morbi odio odio, elementum eu, interdum eu, tincidunt in, leo. Maecenas pulvinar lobortis est.",Cras non velit nec nisi vulputate nonummy.)
INSERT INTO User (user_id,name,picture,status,bio,fun_fact) VALUES (30,Munroe,https://robohash.org/ducimusplaceatsit.png?size=50x50&set=set1,analyzing,"Pellentesque viverra pede ac diam. Cras pellentesque volutpat dui. Maecenas tristique, est et tempus semper, est quam pharetra magna, ac consequat metus sapien ut nunc. Vestibulum ante ipsum primis in faucibus orci luctus et ultrices posuere cubilia Curae; Mauris viverra diam vitae quam. Suspendisse potenti. Nullam porttitor lacus at turpis. Donec posuere metus vitae ipsum. Aliquam non mauris.","Vestibulum quam sapien, varius ut, blandit non, interdum in, ante. Vestibulum ante ipsum primis in faucibus orci luctus et ultrices posuere cubilia Curae; Duis faucibus accumsan odio. Curabitur convallis. Duis consequat dui nec nisi volutpat eleifend. Donec ut dolor. Morbi vel lectus in quam fringilla rhoncus. Mauris enim leo, rhoncus sed, vestibulum sit amet, cursus id, turpis. Integer aliquet, massa id lobortis convallis, tortor risus dapibus augue, vel accumsan tellus nisi eu orci. Mauris lacinia sapien quis libero. Nullam sit amet turpis elementum ligula vehicula consequat.")
INSERT INTO User (user_id,name,picture,status,bio,fun_fact) VALUES (31,Lenard,https://robohash.org/possimusdelectusnon.png?size=50x50&set=set1,client-driven,"Donec odio justo, sollicitudin ut, suscipit a, feugiat et, eros. Vestibulum ac est lacinia nisi venenatis tristique. Fusce congue, diam id ornare imperdiet, sapien urna pretium nisl, ut volutpat sapien arcu sed augue. Aliquam erat volutpat. In congue. Etiam justo. Etiam pretium iaculis justo. In hac habitasse platea dictumst. Etiam faucibus cursus urna. Ut tellus.","Vivamus vestibulum sagittis sapien. Cum sociis natoque penatibus et magnis dis parturient montes, nascetur ridiculus mus. Etiam vel augue. Vestibulum rutrum rutrum neque. Aenean auctor gravida sem. Praesent id massa id nisl venenatis lacinia. Aenean sit amet justo. Morbi ut odio.")
INSERT INTO User (user_id,name,picture,status,bio,fun_fact) VALUES (32,Trescha,https://robohash.org/eumdolorumeligendi.png?size=50x50&set=set1,holistic,Vivamus vel nulla eget eros elementum pellentesque.,"Mauris sit amet eros. Suspendisse accumsan tortor quis turpis. Sed ante. Vivamus tortor. Duis mattis egestas metus. Aenean fermentum. Donec ut mauris eget massa tempor convallis. Nulla neque libero, convallis eget, eleifend luctus, ultricies eu, nibh. Quisque id justo sit amet sapien dignissim vestibulum.")
INSERT INTO User (user_id,name,picture,status,bio,fun_fact) VALUES (33,Maureen,https://robohash.org/voluptatemquasporro.png?size=50x50&set=set1,system engine,"Vivamus vestibulum sagittis sapien. Cum sociis natoque penatibus et magnis dis parturient montes, nascetur ridiculus mus. Etiam vel augue. Vestibulum rutrum rutrum neque. Aenean auctor gravida sem. Praesent id massa id nisl venenatis lacinia. Aenean sit amet justo. Morbi ut odio. Cras mi pede, malesuada in, imperdiet et, commodo vulputate, justo. In blandit ultrices enim.",Etiam justo.)
INSERT INTO User (user_id,name,picture,status,bio,fun_fact) VALUES (34,Derward,https://robohash.org/voluptatibustotammolestiae.png?size=50x50&set=set1,24 hour,"Maecenas tincidunt lacus at velit. Vivamus vel nulla eget eros elementum pellentesque. Quisque porta volutpat erat. Quisque erat eros, viverra eget, congue eget, semper rutrum, nulla. Nunc purus. Phasellus in felis. Donec semper sapien a libero. Nam dui. Proin leo odio, porttitor id, consequat in, consequat ut, nulla. Sed accumsan felis.","Morbi a ipsum. Integer a nibh. In quis justo. Maecenas rhoncus aliquam lacus. Morbi quis tortor id nulla ultrices aliquet. Maecenas leo odio, condimentum id, luctus nec, molestie sed, justo. Pellentesque viverra pede ac diam.")
INSERT INTO User (user_id,name,picture,status,bio,fun_fact) VALUES (35,Eustace,https://robohash.org/quiveleos.png?size=50x50&set=set1,impactful,Ut tellus. Nulla ut erat id mauris vulputate elementum.,"Proin eu mi. Nulla ac enim. In tempor, turpis nec euismod scelerisque, quam turpis adipiscing lorem, vitae mattis nibh ligula nec sem. Duis aliquam convallis nunc.")
INSERT INTO User (user_id,name,picture,status,bio,fun_fact) VALUES (36,Cammy,https://robohash.org/hicetratione.png?size=50x50&set=set1,workforce,Etiam vel augue.,"Curabitur in libero ut massa volutpat convallis. Morbi odio odio, elementum eu, interdum eu, tincidunt in, leo. Maecenas pulvinar lobortis est. Phasellus sit amet erat. Nulla tempus.")
INSERT INTO User (user_id,name,picture,status,bio,fun_fact) VALUES (37,Leta,https://robohash.org/illumetodit.png?size=50x50&set=set1,Function-based,"Cum sociis natoque penatibus et magnis dis parturient montes, nascetur ridiculus mus. Etiam vel augue.","Maecenas ut massa quis augue luctus tincidunt. Nulla mollis molestie lorem. Quisque ut erat. Curabitur gravida nisi at nibh. In hac habitasse platea dictumst. Aliquam augue quam, sollicitudin vitae, consectetuer eget, rutrum at, lorem.")
INSERT INTO User (user_id,name,picture,status,bio,fun_fact) VALUES (38,Oswald,https://robohash.org/eosnamid.png?size=50x50&set=set1,Switchable,"Aliquam sit amet diam in magna bibendum imperdiet. Nullam orci pede, venenatis non, sodales sed, tincidunt eu, felis. Fusce posuere felis sed lacus. Morbi sem mauris, laoreet ut, rhoncus aliquet, pulvinar sed, nisl. Nunc rhoncus dui vel sem. Sed sagittis.","Donec ut mauris eget massa tempor convallis. Nulla neque libero, convallis eget, eleifend luctus, ultricies eu, nibh. Quisque id justo sit amet sapien dignissim vestibulum. Vestibulum ante ipsum primis in faucibus orci luctus et ultrices posuere cubilia Curae; Nulla dapibus dolor vel est. Donec odio justo, sollicitudin ut, suscipit a, feugiat et, eros. Vestibulum ac est lacinia nisi venenatis tristique. Fusce congue, diam id ornare imperdiet, sapien urna pretium nisl, ut volutpat sapien arcu sed augue. Aliquam erat volutpat.")
INSERT INTO User (user_id,name,picture,status,bio,fun_fact) VALUES (39,Sosanna,https://robohash.org/molestiaeetiste.png?size=50x50&set=set1,Face to face,"Etiam faucibus cursus urna. Ut tellus. Nulla ut erat id mauris vulputate elementum. Nullam varius. Nulla facilisi. Cras non velit nec nisi vulputate nonummy. Maecenas tincidunt lacus at velit. Vivamus vel nulla eget eros elementum pellentesque. Quisque porta volutpat erat. Quisque erat eros, viverra eget, congue eget, semper rutrum, nulla.","Fusce posuere felis sed lacus. Morbi sem mauris, laoreet ut, rhoncus aliquet, pulvinar sed, nisl. Nunc rhoncus dui vel sem. Sed sagittis. Nam congue, risus semper porta volutpat, quam pede lobortis ligula, sit amet eleifend pede libero quis orci. Nullam molestie nibh in lectus. Pellentesque at nulla.")
INSERT INTO User (user_id,name,picture,status,bio,fun_fact) VALUES (40,Kevyn,https://robohash.org/iustomollitiaeos.png?size=50x50&set=set1,open architecture,Integer tincidunt ante vel ipsum. Praesent blandit lacinia erat. Vestibulum sed magna at nunc commodo placerat.,"Cras non velit nec nisi vulputate nonummy. Maecenas tincidunt lacus at velit. Vivamus vel nulla eget eros elementum pellentesque. Quisque porta volutpat erat. Quisque erat eros, viverra eget, congue eget, semper rutrum, nulla. Nunc purus. Phasellus in felis.")
INSERT INTO User (user_id,name,picture,status,bio,fun_fact) VALUES (41,Odelia,https://robohash.org/doloremquequibeatae.png?size=50x50&set=set1,fresh-thinking,Donec posuere metus vitae ipsum. Aliquam non mauris. Morbi non lectus.,Nulla nisl. Nunc nisl.)
INSERT INTO User (user_id,name,picture,status,bio,fun_fact) VALUES (42,Barbie,https://robohash.org/voluptatesnonanimi.png?size=50x50&set=set1,grid-enabled,"Aenean sit amet justo. Morbi ut odio. Cras mi pede, malesuada in, imperdiet et, commodo vulputate, justo. In blandit ultrices enim. Lorem ipsum dolor sit amet, consectetuer adipiscing elit. Proin interdum mauris non ligula pellentesque ultrices. Phasellus id sapien in sapien iaculis congue. Vivamus metus arcu, adipiscing molestie, hendrerit at, vulputate vitae, nisl. Aenean lectus.","Integer ac leo. Pellentesque ultrices mattis odio. Donec vitae nisi. Nam ultrices, libero non mattis pulvinar, nulla pede ullamcorper augue, a suscipit nulla elit ac nulla. Sed vel enim sit amet nunc viverra dapibus. Nulla suscipit ligula in lacus. Curabitur at ipsum ac tellus semper interdum. Mauris ullamcorper purus sit amet nulla.")
INSERT INTO User (user_id,name,picture,status,bio,fun_fact) VALUES (43,Kin,https://robohash.org/sedrerumvoluptatem.png?size=50x50&set=set1,Multi-tiered,"Cum sociis natoque penatibus et magnis dis parturient montes, nascetur ridiculus mus. Etiam vel augue. Vestibulum rutrum rutrum neque. Aenean auctor gravida sem. Praesent id massa id nisl venenatis lacinia. Aenean sit amet justo. Morbi ut odio. Cras mi pede, malesuada in, imperdiet et, commodo vulputate, justo. In blandit ultrices enim. Lorem ipsum dolor sit amet, consectetuer adipiscing elit.",Phasellus sit amet erat. Nulla tempus.)
INSERT INTO User (user_id,name,picture,status,bio,fun_fact) VALUES (44,Jillayne,https://robohash.org/istefugiatlaudantium.png?size=50x50&set=set1,intranet,"Curabitur in libero ut massa volutpat convallis. Morbi odio odio, elementum eu, interdum eu, tincidunt in, leo. Maecenas pulvinar lobortis est. Phasellus sit amet erat. Nulla tempus. Vivamus in felis eu sapien cursus vestibulum. Proin eu mi. Nulla ac enim. In tempor, turpis nec euismod scelerisque, quam turpis adipiscing lorem, vitae mattis nibh ligula nec sem. Duis aliquam convallis nunc.","Duis bibendum. Morbi non quam nec dui luctus rutrum. Nulla tellus. In sagittis dui vel nisl. Duis ac nibh. Fusce lacus purus, aliquet at, feugiat non, pretium quis, lectus. Suspendisse potenti. In eleifend quam a odio.")
INSERT INTO User (user_id,name,picture,status,bio,fun_fact) VALUES (45,Shirleen,https://robohash.org/inventoreanimiculpa.png?size=50x50&set=set1,website,"Praesent lectus. Vestibulum quam sapien, varius ut, blandit non, interdum in, ante.",Mauris sit amet eros. Suspendisse accumsan tortor quis turpis.)
INSERT INTO User (user_id,name,picture,status,bio,fun_fact) VALUES (46,Quintus,https://robohash.org/accusamusnihilab.png?size=50x50&set=set1,Reduced,"Nulla neque libero, convallis eget, eleifend luctus, ultricies eu, nibh. Quisque id justo sit amet sapien dignissim vestibulum. Vestibulum ante ipsum primis in faucibus orci luctus et ultrices posuere cubilia Curae; Nulla dapibus dolor vel est. Donec odio justo, sollicitudin ut, suscipit a, feugiat et, eros. Vestibulum ac est lacinia nisi venenatis tristique. Fusce congue, diam id ornare imperdiet, sapien urna pretium nisl, ut volutpat sapien arcu sed augue. Aliquam erat volutpat. In congue. Etiam justo.",Morbi a ipsum. Integer a nibh.)
INSERT INTO User (user_id,name,picture,status,bio,fun_fact) VALUES (47,Samara,https://robohash.org/utipsadebitis.png?size=50x50&set=set1,client-server,Nullam porttitor lacus at turpis. Donec posuere metus vitae ipsum. Aliquam non mauris. Morbi non lectus. Aliquam sit amet diam in magna bibendum imperdiet.,"Nunc rhoncus dui vel sem. Sed sagittis. Nam congue, risus semper porta volutpat, quam pede lobortis ligula, sit amet eleifend pede libero quis orci.")
INSERT INTO User (user_id,name,picture,status,bio,fun_fact) VALUES (48,Phillipe,https://robohash.org/molestiaedoloremqui.png?size=50x50&set=set1,algorithm,"Maecenas leo odio, condimentum id, luctus nec, molestie sed, justo. Pellentesque viverra pede ac diam. Cras pellentesque volutpat dui. Maecenas tristique, est et tempus semper, est quam pharetra magna, ac consequat metus sapien ut nunc. Vestibulum ante ipsum primis in faucibus orci luctus et ultrices posuere cubilia Curae; Mauris viverra diam vitae quam. Suspendisse potenti. Nullam porttitor lacus at turpis. Donec posuere metus vitae ipsum. Aliquam non mauris.","Praesent blandit lacinia erat. Vestibulum sed magna at nunc commodo placerat. Praesent blandit. Nam nulla. Integer pede justo, lacinia eget, tincidunt eget, tempus vel, pede.")
INSERT INTO User (user_id,name,picture,status,bio,fun_fact) VALUES (49,Cleavland,https://robohash.org/iureestvoluptates.png?size=50x50&set=set1,Profit-focused,"Phasellus in felis. Donec semper sapien a libero. Nam dui. Proin leo odio, porttitor id, consequat in, consequat ut, nulla.",Nam dui.)
INSERT INTO User (user_id,name,picture,status,bio,fun_fact) VALUES (50,Tiphany,https://robohash.org/teneturquiet.png?size=50x50&set=set1,Front-line,"Quisque id justo sit amet sapien dignissim vestibulum. Vestibulum ante ipsum primis in faucibus orci luctus et ultrices posuere cubilia Curae; Nulla dapibus dolor vel est. Donec odio justo, sollicitudin ut, suscipit a, feugiat et, eros. Vestibulum ac est lacinia nisi venenatis tristique. Fusce congue, diam id ornare imperdiet, sapien urna pretium nisl, ut volutpat sapien arcu sed augue. Aliquam erat volutpat. In congue. Etiam justo.",Vestibulum rutrum rutrum neque.)
INSERT INTO User (user_id,name,picture,status,bio,fun_fact) VALUES (51,Janek,https://robohash.org/estdoloresut.png?size=50x50&set=set1,contextually-based,"In hac habitasse platea dictumst. Aliquam augue quam, sollicitudin vitae, consectetuer eget, rutrum at, lorem. Integer tincidunt ante vel ipsum. Praesent blandit lacinia erat. Vestibulum sed magna at nunc commodo placerat. Praesent blandit. Nam nulla. Integer pede justo, lacinia eget, tincidunt eget, tempus vel, pede.","Donec odio justo, sollicitudin ut, suscipit a, feugiat et, eros. Vestibulum ac est lacinia nisi venenatis tristique. Fusce congue, diam id ornare imperdiet, sapien urna pretium nisl, ut volutpat sapien arcu sed augue. Aliquam erat volutpat. In congue. Etiam justo.")
INSERT INTO User (user_id,name,picture,status,bio,fun_fact) VALUES (52,Rosaline,https://robohash.org/corporisdictavoluptatem.png?size=50x50&set=set1,Automated,"Fusce posuere felis sed lacus. Morbi sem mauris, laoreet ut, rhoncus aliquet, pulvinar sed, nisl. Nunc rhoncus dui vel sem. Sed sagittis. Nam congue, risus semper porta volutpat, quam pede lobortis ligula, sit amet eleifend pede libero quis orci. Nullam molestie nibh in lectus. Pellentesque at nulla.","Cum sociis natoque penatibus et magnis dis parturient montes, nascetur ridiculus mus. Vivamus vestibulum sagittis sapien. Cum sociis natoque penatibus et magnis dis parturient montes, nascetur ridiculus mus. Etiam vel augue. Vestibulum rutrum rutrum neque. Aenean auctor gravida sem. Praesent id massa id nisl venenatis lacinia. Aenean sit amet justo. Morbi ut odio.")
INSERT INTO User (user_id,name,picture,status,bio,fun_fact) VALUES (53,Godfrey,https://robohash.org/perferendisquosvel.png?size=50x50&set=set1,mission-critical,"Donec diam neque, vestibulum eget, vulputate ut, ultrices vel, augue. Vestibulum ante ipsum primis in faucibus orci luctus et ultrices posuere cubilia Curae; Donec pharetra, magna vestibulum aliquet ultrices, erat tortor sollicitudin mi, sit amet lobortis sapien sapien non mi. Integer ac neque. Duis bibendum. Morbi non quam nec dui luctus rutrum. Nulla tellus. In sagittis dui vel nisl.",Morbi non quam nec dui luctus rutrum.)
INSERT INTO User (user_id,name,picture,status,bio,fun_fact) VALUES (54,Calida,https://robohash.org/adipiscivoluptatemexpedita.png?size=50x50&set=set1,encoding,"Vestibulum sed magna at nunc commodo placerat. Praesent blandit. Nam nulla. Integer pede justo, lacinia eget, tincidunt eget, tempus vel, pede. Morbi porttitor lorem id ligula. Suspendisse ornare consequat lectus.","Nullam molestie nibh in lectus. Pellentesque at nulla. Suspendisse potenti. Cras in purus eu magna vulputate luctus. Cum sociis natoque penatibus et magnis dis parturient montes, nascetur ridiculus mus.")
INSERT INTO User (user_id,name,picture,status,bio,fun_fact) VALUES (55,Audrye,https://robohash.org/suntautconsequatur.png?size=50x50&set=set1,stable,"In quis justo. Maecenas rhoncus aliquam lacus. Morbi quis tortor id nulla ultrices aliquet. Maecenas leo odio, condimentum id, luctus nec, molestie sed, justo. Pellentesque viverra pede ac diam. Cras pellentesque volutpat dui. Maecenas tristique, est et tempus semper, est quam pharetra magna, ac consequat metus sapien ut nunc. Vestibulum ante ipsum primis in faucibus orci luctus et ultrices posuere cubilia Curae; Mauris viverra diam vitae quam.",Etiam vel augue. Vestibulum rutrum rutrum neque. Aenean auctor gravida sem. Praesent id massa id nisl venenatis lacinia. Aenean sit amet justo. Morbi ut odio.)
INSERT INTO User (user_id,name,picture,status,bio,fun_fact) VALUES (56,Laura,https://robohash.org/temporaquisquamquis.png?size=50x50&set=set1,Grass-roots,Ut tellus. Nulla ut erat id mauris vulputate elementum. Nullam varius. Nulla facilisi. Cras non velit nec nisi vulputate nonummy. Maecenas tincidunt lacus at velit. Vivamus vel nulla eget eros elementum pellentesque.,Nulla justo. Aliquam quis turpis eget elit sodales scelerisque. Mauris sit amet eros. Suspendisse accumsan tortor quis turpis. Sed ante. Vivamus tortor. Duis mattis egestas metus. Aenean fermentum. Donec ut mauris eget massa tempor convallis.)
INSERT INTO User (user_id,name,picture,status,bio,fun_fact) VALUES (57,Marthena,https://robohash.org/omnistemporibusaut.png?size=50x50&set=set1,analyzing,Nam tristique tortor eu pede.,"Fusce consequat. Nulla nisl. Nunc nisl. Duis bibendum, felis sed interdum venenatis, turpis enim blandit mi, in porttitor pede justo eu massa. Donec dapibus. Duis at velit eu est congue elementum. In hac habitasse platea dictumst. Morbi vestibulum, velit id pretium iaculis, diam erat fermentum justo, nec condimentum neque sapien placerat ante.")
INSERT INTO User (user_id,name,picture,status,bio,fun_fact) VALUES (58,Dorree,https://robohash.org/sintlaboreest.png?size=50x50&set=set1,Robust,"Curabitur convallis. Duis consequat dui nec nisi volutpat eleifend. Donec ut dolor. Morbi vel lectus in quam fringilla rhoncus. Mauris enim leo, rhoncus sed, vestibulum sit amet, cursus id, turpis.",Duis at velit eu est congue elementum.)
INSERT INTO User (user_id,name,picture,status,bio,fun_fact) VALUES (59,Rosemaria,https://robohash.org/beataeetpariatur.png?size=50x50&set=set1,capacity,Duis mattis egestas metus. Aenean fermentum.,Praesent id massa id nisl venenatis lacinia. Aenean sit amet justo.)
INSERT INTO User (user_id,name,picture,status,bio,fun_fact) VALUES (60,Gaile,https://robohash.org/sapientevelquia.png?size=50x50&set=set1,human-resource,"Duis aliquam convallis nunc. Proin at turpis a pede posuere nonummy. Integer non velit. Donec diam neque, vestibulum eget, vulputate ut, ultrices vel, augue. Vestibulum ante ipsum primis in faucibus orci luctus et ultrices posuere cubilia Curae; Donec pharetra, magna vestibulum aliquet ultrices, erat tortor sollicitudin mi, sit amet lobortis sapien sapien non mi. Integer ac neque. Duis bibendum. Morbi non quam nec dui luctus rutrum. Nulla tellus. In sagittis dui vel nisl.","Nam congue, risus semper porta volutpat, quam pede lobortis ligula, sit amet eleifend pede libero quis orci. Nullam molestie nibh in lectus.")
INSERT INTO User (user_id,name,picture,status,bio,fun_fact) VALUES (61,Magda,https://robohash.org/eteligendivoluptatem.png?size=50x50&set=set1,object-oriented,"Morbi vel lectus in quam fringilla rhoncus. Mauris enim leo, rhoncus sed, vestibulum sit amet, cursus id, turpis. Integer aliquet, massa id lobortis convallis, tortor risus dapibus augue, vel accumsan tellus nisi eu orci. Mauris lacinia sapien quis libero. Nullam sit amet turpis elementum ligula vehicula consequat.","Quisque erat eros, viverra eget, congue eget, semper rutrum, nulla. Nunc purus. Phasellus in felis. Donec semper sapien a libero. Nam dui. Proin leo odio, porttitor id, consequat in, consequat ut, nulla.")
INSERT INTO User (user_id,name,picture,status,bio,fun_fact) VALUES (62,Job,https://robohash.org/autveromaiores.png?size=50x50&set=set1,task-force,"Integer pede justo, lacinia eget, tincidunt eget, tempus vel, pede. Morbi porttitor lorem id ligula. Suspendisse ornare consequat lectus. In est risus, auctor sed, tristique in, tempus sit amet, sem. Fusce consequat. Nulla nisl. Nunc nisl. Duis bibendum, felis sed interdum venenatis, turpis enim blandit mi, in porttitor pede justo eu massa. Donec dapibus.","Sed accumsan felis. Ut at dolor quis odio consequat varius. Integer ac leo. Pellentesque ultrices mattis odio. Donec vitae nisi. Nam ultrices, libero non mattis pulvinar, nulla pede ullamcorper augue, a suscipit nulla elit ac nulla. Sed vel enim sit amet nunc viverra dapibus. Nulla suscipit ligula in lacus. Curabitur at ipsum ac tellus semper interdum.")
INSERT INTO User (user_id,name,picture,status,bio,fun_fact) VALUES (63,Zarah,https://robohash.org/illumeteum.png?size=50x50&set=set1,Open-architected,"In tempor, turpis nec euismod scelerisque, quam turpis adipiscing lorem, vitae mattis nibh ligula nec sem.","Nam congue, risus semper porta volutpat, quam pede lobortis ligula, sit amet eleifend pede libero quis orci. Nullam molestie nibh in lectus. Pellentesque at nulla.")
INSERT INTO User (user_id,name,picture,status,bio,fun_fact) VALUES (64,Ofilia,https://robohash.org/atlaborumquis.png?size=50x50&set=set1,multimedia,"Quisque id justo sit amet sapien dignissim vestibulum. Vestibulum ante ipsum primis in faucibus orci luctus et ultrices posuere cubilia Curae; Nulla dapibus dolor vel est. Donec odio justo, sollicitudin ut, suscipit a, feugiat et, eros. Vestibulum ac est lacinia nisi venenatis tristique. Fusce congue, diam id ornare imperdiet, sapien urna pretium nisl, ut volutpat sapien arcu sed augue. Aliquam erat volutpat. In congue.",Vestibulum ante ipsum primis in faucibus orci luctus et ultrices posuere cubilia Curae; Mauris viverra diam vitae quam. Suspendisse potenti. Nullam porttitor lacus at turpis. Donec posuere metus vitae ipsum. Aliquam non mauris.)
INSERT INTO User (user_id,name,picture,status,bio,fun_fact) VALUES (65,Sibbie,https://robohash.org/nonaliasnumquam.png?size=50x50&set=set1,Grass-roots,"Quisque erat eros, viverra eget, congue eget, semper rutrum, nulla. Nunc purus. Phasellus in felis. Donec semper sapien a libero. Nam dui. Proin leo odio, porttitor id, consequat in, consequat ut, nulla. Sed accumsan felis. Ut at dolor quis odio consequat varius.","Integer tincidunt ante vel ipsum. Praesent blandit lacinia erat. Vestibulum sed magna at nunc commodo placerat. Praesent blandit. Nam nulla. Integer pede justo, lacinia eget, tincidunt eget, tempus vel, pede. Morbi porttitor lorem id ligula.")
INSERT INTO User (user_id,name,picture,status,bio,fun_fact) VALUES (66,Shelley,https://robohash.org/rerumenimquos.png?size=50x50&set=set1,Graphical User Interface,"Ut at dolor quis odio consequat varius. Integer ac leo. Pellentesque ultrices mattis odio. Donec vitae nisi. Nam ultrices, libero non mattis pulvinar, nulla pede ullamcorper augue, a suscipit nulla elit ac nulla.","Duis ac nibh. Fusce lacus purus, aliquet at, feugiat non, pretium quis, lectus. Suspendisse potenti. In eleifend quam a odio.")
INSERT INTO User (user_id,name,picture,status,bio,fun_fact) VALUES (67,Elihu,https://robohash.org/errorsuscipitvoluptate.png?size=50x50&set=set1,incremental,"Vivamus vestibulum sagittis sapien. Cum sociis natoque penatibus et magnis dis parturient montes, nascetur ridiculus mus. Etiam vel augue. Vestibulum rutrum rutrum neque. Aenean auctor gravida sem. Praesent id massa id nisl venenatis lacinia. Aenean sit amet justo. Morbi ut odio. Cras mi pede, malesuada in, imperdiet et, commodo vulputate, justo.","Proin interdum mauris non ligula pellentesque ultrices. Phasellus id sapien in sapien iaculis congue. Vivamus metus arcu, adipiscing molestie, hendrerit at, vulputate vitae, nisl. Aenean lectus. Pellentesque eget nunc. Donec quis orci eget orci vehicula condimentum. Curabitur in libero ut massa volutpat convallis. Morbi odio odio, elementum eu, interdum eu, tincidunt in, leo. Maecenas pulvinar lobortis est.")
INSERT INTO User (user_id,name,picture,status,bio,fun_fact) VALUES (68,Yorker,https://robohash.org/consequaturrepellendusneque.png?size=50x50&set=set1,exuding,"Maecenas tristique, est et tempus semper, est quam pharetra magna, ac consequat metus sapien ut nunc. Vestibulum ante ipsum primis in faucibus orci luctus et ultrices posuere cubilia Curae; Mauris viverra diam vitae quam. Suspendisse potenti. Nullam porttitor lacus at turpis.",In hac habitasse platea dictumst.)
INSERT INTO User (user_id,name,picture,status,bio,fun_fact) VALUES (69,Andromache,https://robohash.org/perferendisquiaaccusamus.png?size=50x50&set=set1,array,Vestibulum sed magna at nunc commodo placerat.,Quisque ut erat.)
INSERT INTO User (user_id,name,picture,status,bio,fun_fact) VALUES (70,Tilda,https://robohash.org/autvoluptatemet.png?size=50x50&set=set1,Universal,"Lorem ipsum dolor sit amet, consectetuer adipiscing elit. Proin interdum mauris non ligula pellentesque ultrices. Phasellus id sapien in sapien iaculis congue.","Nulla nisl. Nunc nisl. Duis bibendum, felis sed interdum venenatis, turpis enim blandit mi, in porttitor pede justo eu massa. Donec dapibus. Duis at velit eu est congue elementum.")
INSERT INTO User (user_id,name,picture,status,bio,fun_fact) VALUES (71,Kimble,https://robohash.org/etdoloremeligendi.png?size=50x50&set=set1,function,"Donec ut mauris eget massa tempor convallis. Nulla neque libero, convallis eget, eleifend luctus, ultricies eu, nibh. Quisque id justo sit amet sapien dignissim vestibulum. Vestibulum ante ipsum primis in faucibus orci luctus et ultrices posuere cubilia Curae; Nulla dapibus dolor vel est. Donec odio justo, sollicitudin ut, suscipit a, feugiat et, eros. Vestibulum ac est lacinia nisi venenatis tristique. Fusce congue, diam id ornare imperdiet, sapien urna pretium nisl, ut volutpat sapien arcu sed augue.","Nulla nisl. Nunc nisl. Duis bibendum, felis sed interdum venenatis, turpis enim blandit mi, in porttitor pede justo eu massa. Donec dapibus. Duis at velit eu est congue elementum.")
INSERT INTO User (user_id,name,picture,status,bio,fun_fact) VALUES (72,Cos,https://robohash.org/oditquaeid.png?size=50x50&set=set1,product,"Nam congue, risus semper porta volutpat, quam pede lobortis ligula, sit amet eleifend pede libero quis orci.",Proin risus. Praesent lectus.)
INSERT INTO User (user_id,name,picture,status,bio,fun_fact) VALUES (73,Theresa,https://robohash.org/velfugaveniam.png?size=50x50&set=set1,actuating,"Praesent blandit. Nam nulla. Integer pede justo, lacinia eget, tincidunt eget, tempus vel, pede.","Nam congue, risus semper porta volutpat, quam pede lobortis ligula, sit amet eleifend pede libero quis orci. Nullam molestie nibh in lectus.")
INSERT INTO User (user_id,name,picture,status,bio,fun_fact) VALUES (74,Kali,https://robohash.org/utautullam.png?size=50x50&set=set1,policy,"Morbi odio odio, elementum eu, interdum eu, tincidunt in, leo. Maecenas pulvinar lobortis est. Phasellus sit amet erat. Nulla tempus.","Suspendisse potenti. Cras in purus eu magna vulputate luctus. Cum sociis natoque penatibus et magnis dis parturient montes, nascetur ridiculus mus. Vivamus vestibulum sagittis sapien.")
INSERT INTO User (user_id,name,picture,status,bio,fun_fact) VALUES (75,Guy,https://robohash.org/utautrepudiandae.png?size=50x50&set=set1,middleware,"Nullam orci pede, venenatis non, sodales sed, tincidunt eu, felis.","Morbi vel lectus in quam fringilla rhoncus. Mauris enim leo, rhoncus sed, vestibulum sit amet, cursus id, turpis.")
INSERT INTO User (user_id,name,picture,status,bio,fun_fact) VALUES (76,Louisa,https://robohash.org/eaqueminusnostrum.png?size=50x50&set=set1,web-enabled,"Maecenas pulvinar lobortis est. Phasellus sit amet erat. Nulla tempus. Vivamus in felis eu sapien cursus vestibulum. Proin eu mi. Nulla ac enim. In tempor, turpis nec euismod scelerisque, quam turpis adipiscing lorem, vitae mattis nibh ligula nec sem. Duis aliquam convallis nunc.","Pellentesque viverra pede ac diam. Cras pellentesque volutpat dui. Maecenas tristique, est et tempus semper, est quam pharetra magna, ac consequat metus sapien ut nunc. Vestibulum ante ipsum primis in faucibus orci luctus et ultrices posuere cubilia Curae; Mauris viverra diam vitae quam.")
INSERT INTO User (user_id,name,picture,status,bio,fun_fact) VALUES (77,Ardenia,https://robohash.org/laborumnostrumquos.png?size=50x50&set=set1,knowledge user,"Nullam orci pede, venenatis non, sodales sed, tincidunt eu, felis.","Fusce lacus purus, aliquet at, feugiat non, pretium quis, lectus. Suspendisse potenti.")
INSERT INTO User (user_id,name,picture,status,bio,fun_fact) VALUES (78,Tory,https://robohash.org/delectussedcorporis.png?size=50x50&set=set1,De-engineered,Integer tincidunt ante vel ipsum. Praesent blandit lacinia erat. Vestibulum sed magna at nunc commodo placerat. Praesent blandit. Nam nulla.,"Cum sociis natoque penatibus et magnis dis parturient montes, nascetur ridiculus mus. Vivamus vestibulum sagittis sapien. Cum sociis natoque penatibus et magnis dis parturient montes, nascetur ridiculus mus. Etiam vel augue. Vestibulum rutrum rutrum neque. Aenean auctor gravida sem. Praesent id massa id nisl venenatis lacinia.")
INSERT INTO User (user_id,name,picture,status,bio,fun_fact) VALUES (79,Tanya,https://robohash.org/accusantiumquivoluptatem.png?size=50x50&set=set1,6th generation,"Vivamus metus arcu, adipiscing molestie, hendrerit at, vulputate vitae, nisl.","Nulla suscipit ligula in lacus. Curabitur at ipsum ac tellus semper interdum. Mauris ullamcorper purus sit amet nulla. Quisque arcu libero, rutrum ac, lobortis vel, dapibus at, diam. Nam tristique tortor eu pede.")
INSERT INTO User (user_id,name,picture,status,bio,fun_fact) VALUES (80,Normie,https://robohash.org/consequaturquisdistinctio.png?size=50x50&set=set1,frame,"Proin eu mi. Nulla ac enim. In tempor, turpis nec euismod scelerisque, quam turpis adipiscing lorem, vitae mattis nibh ligula nec sem.","In tempor, turpis nec euismod scelerisque, quam turpis adipiscing lorem, vitae mattis nibh ligula nec sem. Duis aliquam convallis nunc. Proin at turpis a pede posuere nonummy. Integer non velit. Donec diam neque, vestibulum eget, vulputate ut, ultrices vel, augue.")
INSERT INTO User (user_id,name,picture,status,bio,fun_fact) VALUES (81,Muriel,https://robohash.org/voluptatemnisirem.png?size=50x50&set=set1,composite,Nulla mollis molestie lorem. Quisque ut erat. Curabitur gravida nisi at nibh.,"Maecenas rhoncus aliquam lacus. Morbi quis tortor id nulla ultrices aliquet. Maecenas leo odio, condimentum id, luctus nec, molestie sed, justo. Pellentesque viverra pede ac diam. Cras pellentesque volutpat dui. Maecenas tristique, est et tempus semper, est quam pharetra magna, ac consequat metus sapien ut nunc.")
INSERT INTO User (user_id,name,picture,status,bio,fun_fact) VALUES (82,Tadeas,https://robohash.org/beataeveniamomnis.png?size=50x50&set=set1,5th generation,"Nam congue, risus semper porta volutpat, quam pede lobortis ligula, sit amet eleifend pede libero quis orci. Nullam molestie nibh in lectus. Pellentesque at nulla. Suspendisse potenti. Cras in purus eu magna vulputate luctus.","Lorem ipsum dolor sit amet, consectetuer adipiscing elit. Proin risus. Praesent lectus. Vestibulum quam sapien, varius ut, blandit non, interdum in, ante. Vestibulum ante ipsum primis in faucibus orci luctus et ultrices posuere cubilia Curae; Duis faucibus accumsan odio.")
INSERT INTO User (user_id,name,picture,status,bio,fun_fact) VALUES (83,Edsel,https://robohash.org/voluptatumadquia.png?size=50x50&set=set1,eco-centric,"Nunc nisl. Duis bibendum, felis sed interdum venenatis, turpis enim blandit mi, in porttitor pede justo eu massa. Donec dapibus.",Ut tellus. Nulla ut erat id mauris vulputate elementum. Nullam varius. Nulla facilisi. Cras non velit nec nisi vulputate nonummy. Maecenas tincidunt lacus at velit. Vivamus vel nulla eget eros elementum pellentesque.)
INSERT INTO User (user_id,name,picture,status,bio,fun_fact) VALUES (84,Stacie,https://robohash.org/nemoquosquis.png?size=50x50&set=set1,ability,Suspendisse accumsan tortor quis turpis. Sed ante. Vivamus tortor.,"Sed sagittis. Nam congue, risus semper porta volutpat, quam pede lobortis ligula, sit amet eleifend pede libero quis orci. Nullam molestie nibh in lectus. Pellentesque at nulla. Suspendisse potenti. Cras in purus eu magna vulputate luctus.")
INSERT INTO User (user_id,name,picture,status,bio,fun_fact) VALUES (85,Mathian,https://robohash.org/nisiconsequuntursed.png?size=50x50&set=set1,infrastructure,"Ut tellus. Nulla ut erat id mauris vulputate elementum. Nullam varius. Nulla facilisi. Cras non velit nec nisi vulputate nonummy. Maecenas tincidunt lacus at velit. Vivamus vel nulla eget eros elementum pellentesque. Quisque porta volutpat erat. Quisque erat eros, viverra eget, congue eget, semper rutrum, nulla. Nunc purus.","Maecenas tincidunt lacus at velit. Vivamus vel nulla eget eros elementum pellentesque. Quisque porta volutpat erat. Quisque erat eros, viverra eget, congue eget, semper rutrum, nulla. Nunc purus. Phasellus in felis. Donec semper sapien a libero. Nam dui. Proin leo odio, porttitor id, consequat in, consequat ut, nulla.")
INSERT INTO User (user_id,name,picture,status,bio,fun_fact) VALUES (86,Renelle,https://robohash.org/velconsequaturullam.png?size=50x50&set=set1,mission-critical,"Duis aliquam convallis nunc. Proin at turpis a pede posuere nonummy. Integer non velit. Donec diam neque, vestibulum eget, vulputate ut, ultrices vel, augue. Vestibulum ante ipsum primis in faucibus orci luctus et ultrices posuere cubilia Curae; Donec pharetra, magna vestibulum aliquet ultrices, erat tortor sollicitudin mi, sit amet lobortis sapien sapien non mi.","Aliquam non mauris. Morbi non lectus. Aliquam sit amet diam in magna bibendum imperdiet. Nullam orci pede, venenatis non, sodales sed, tincidunt eu, felis. Fusce posuere felis sed lacus. Morbi sem mauris, laoreet ut, rhoncus aliquet, pulvinar sed, nisl.")
INSERT INTO User (user_id,name,picture,status,bio,fun_fact) VALUES (87,Stillman,https://robohash.org/commodiexplicaboipsa.png?size=50x50&set=set1,coherent,"Duis at velit eu est congue elementum. In hac habitasse platea dictumst. Morbi vestibulum, velit id pretium iaculis, diam erat fermentum justo, nec condimentum neque sapien placerat ante.","Proin risus. Praesent lectus. Vestibulum quam sapien, varius ut, blandit non, interdum in, ante. Vestibulum ante ipsum primis in faucibus orci luctus et ultrices posuere cubilia Curae; Duis faucibus accumsan odio. Curabitur convallis. Duis consequat dui nec nisi volutpat eleifend. Donec ut dolor. Morbi vel lectus in quam fringilla rhoncus.")
INSERT INTO User (user_id,name,picture,status,bio,fun_fact) VALUES (88,Kelila,https://robohash.org/natusipsumet.png?size=50x50&set=set1,emulation,"Donec posuere metus vitae ipsum. Aliquam non mauris. Morbi non lectus. Aliquam sit amet diam in magna bibendum imperdiet. Nullam orci pede, venenatis non, sodales sed, tincidunt eu, felis. Fusce posuere felis sed lacus. Morbi sem mauris, laoreet ut, rhoncus aliquet, pulvinar sed, nisl.","Donec diam neque, vestibulum eget, vulputate ut, ultrices vel, augue.")
INSERT INTO User (user_id,name,picture,status,bio,fun_fact) VALUES (89,Averyl,https://robohash.org/doloresrepudiandaecumque.png?size=50x50&set=set1,Self-enabling,"Nam ultrices, libero non mattis pulvinar, nulla pede ullamcorper augue, a suscipit nulla elit ac nulla. Sed vel enim sit amet nunc viverra dapibus. Nulla suscipit ligula in lacus. Curabitur at ipsum ac tellus semper interdum.",Ut tellus. Nulla ut erat id mauris vulputate elementum. Nullam varius. Nulla facilisi.)
INSERT INTO User (user_id,name,picture,status,bio,fun_fact) VALUES (90,Garnette,https://robohash.org/suntsimiliqueveritatis.png?size=50x50&set=set1,Face to face,"Duis ac nibh. Fusce lacus purus, aliquet at, feugiat non, pretium quis, lectus. Suspendisse potenti. In eleifend quam a odio.","Maecenas tincidunt lacus at velit. Vivamus vel nulla eget eros elementum pellentesque. Quisque porta volutpat erat. Quisque erat eros, viverra eget, congue eget, semper rutrum, nulla. Nunc purus.")
INSERT INTO User (user_id,name,picture,status,bio,fun_fact) VALUES (91,Rudyard,https://robohash.org/aliquidauteos.png?size=50x50&set=set1,homogeneous,In congue. Etiam justo. Etiam pretium iaculis justo. In hac habitasse platea dictumst. Etiam faucibus cursus urna. Ut tellus. Nulla ut erat id mauris vulputate elementum. Nullam varius. Nulla facilisi. Cras non velit nec nisi vulputate nonummy.,"In hac habitasse platea dictumst. Maecenas ut massa quis augue luctus tincidunt. Nulla mollis molestie lorem. Quisque ut erat. Curabitur gravida nisi at nibh. In hac habitasse platea dictumst. Aliquam augue quam, sollicitudin vitae, consectetuer eget, rutrum at, lorem. Integer tincidunt ante vel ipsum. Praesent blandit lacinia erat.")
INSERT INTO User (user_id,name,picture,status,bio,fun_fact) VALUES (92,Ricky,https://robohash.org/istesintdelectus.png?size=50x50&set=set1,budgetary management,Sed sagittis.,In congue. Etiam justo. Etiam pretium iaculis justo. In hac habitasse platea dictumst. Etiam faucibus cursus urna.)
INSERT INTO User (user_id,name,picture,status,bio,fun_fact) VALUES (93,Thorndike,https://robohash.org/perferendisnatuscorporis.png?size=50x50&set=set1,national,"Integer ac neque. Duis bibendum. Morbi non quam nec dui luctus rutrum. Nulla tellus. In sagittis dui vel nisl. Duis ac nibh. Fusce lacus purus, aliquet at, feugiat non, pretium quis, lectus. Suspendisse potenti.","Vestibulum ante ipsum primis in faucibus orci luctus et ultrices posuere cubilia Curae; Donec pharetra, magna vestibulum aliquet ultrices, erat tortor sollicitudin mi, sit amet lobortis sapien sapien non mi. Integer ac neque. Duis bibendum. Morbi non quam nec dui luctus rutrum. Nulla tellus. In sagittis dui vel nisl. Duis ac nibh. Fusce lacus purus, aliquet at, feugiat non, pretium quis, lectus. Suspendisse potenti.")
INSERT INTO User (user_id,name,picture,status,bio,fun_fact) VALUES (94,Gabie,https://robohash.org/utmollitiaid.png?size=50x50&set=set1,zero tolerance,"Donec dapibus. Duis at velit eu est congue elementum. In hac habitasse platea dictumst. Morbi vestibulum, velit id pretium iaculis, diam erat fermentum justo, nec condimentum neque sapien placerat ante. Nulla justo. Aliquam quis turpis eget elit sodales scelerisque. Mauris sit amet eros. Suspendisse accumsan tortor quis turpis.",Integer non velit.)
INSERT INTO User (user_id,name,picture,status,bio,fun_fact) VALUES (95,Byran,https://robohash.org/explicaborepudiandaefugit.png?size=50x50&set=set1,flexibility,"Donec vitae nisi. Nam ultrices, libero non mattis pulvinar, nulla pede ullamcorper augue, a suscipit nulla elit ac nulla. Sed vel enim sit amet nunc viverra dapibus. Nulla suscipit ligula in lacus. Curabitur at ipsum ac tellus semper interdum. Mauris ullamcorper purus sit amet nulla.","Vestibulum ac est lacinia nisi venenatis tristique. Fusce congue, diam id ornare imperdiet, sapien urna pretium nisl, ut volutpat sapien arcu sed augue. Aliquam erat volutpat. In congue. Etiam justo. Etiam pretium iaculis justo. In hac habitasse platea dictumst. Etiam faucibus cursus urna. Ut tellus.")
INSERT INTO User (user_id,name,picture,status,bio,fun_fact) VALUES (96,Austina,https://robohash.org/aducimussed.png?size=50x50&set=set1,logistical,"In hac habitasse platea dictumst. Aliquam augue quam, sollicitudin vitae, consectetuer eget, rutrum at, lorem. Integer tincidunt ante vel ipsum. Praesent blandit lacinia erat.","Morbi non quam nec dui luctus rutrum. Nulla tellus. In sagittis dui vel nisl. Duis ac nibh. Fusce lacus purus, aliquet at, feugiat non, pretium quis, lectus. Suspendisse potenti. In eleifend quam a odio. In hac habitasse platea dictumst.")
INSERT INTO User (user_id,name,picture,status,bio,fun_fact) VALUES (97,Ralina,https://robohash.org/adipisciautvelit.png?size=50x50&set=set1,transitional,"Etiam faucibus cursus urna. Ut tellus. Nulla ut erat id mauris vulputate elementum. Nullam varius. Nulla facilisi. Cras non velit nec nisi vulputate nonummy. Maecenas tincidunt lacus at velit. Vivamus vel nulla eget eros elementum pellentesque. Quisque porta volutpat erat. Quisque erat eros, viverra eget, congue eget, semper rutrum, nulla.","Suspendisse potenti. Cras in purus eu magna vulputate luctus. Cum sociis natoque penatibus et magnis dis parturient montes, nascetur ridiculus mus. Vivamus vestibulum sagittis sapien. Cum sociis natoque penatibus et magnis dis parturient montes, nascetur ridiculus mus. Etiam vel augue. Vestibulum rutrum rutrum neque. Aenean auctor gravida sem. Praesent id massa id nisl venenatis lacinia. Aenean sit amet justo.")
INSERT INTO User (user_id,name,picture,status,bio,fun_fact) VALUES (98,Galina,https://robohash.org/laboreomnisin.png?size=50x50&set=set1,paradigm,"Nullam varius. Nulla facilisi. Cras non velit nec nisi vulputate nonummy. Maecenas tincidunt lacus at velit. Vivamus vel nulla eget eros elementum pellentesque. Quisque porta volutpat erat. Quisque erat eros, viverra eget, congue eget, semper rutrum, nulla.",Quisque ut erat. Curabitur gravida nisi at nibh. In hac habitasse platea dictumst.)
INSERT INTO User (user_id,name,picture,status,bio,fun_fact) VALUES (99,Janeen,https://robohash.org/sitvoluptatemveritatis.png?size=50x50&set=set1,Progressive,"Donec quis orci eget orci vehicula condimentum. Curabitur in libero ut massa volutpat convallis. Morbi odio odio, elementum eu, interdum eu, tincidunt in, leo. Maecenas pulvinar lobortis est. Phasellus sit amet erat. Nulla tempus. Vivamus in felis eu sapien cursus vestibulum.",Mauris sit amet eros. Suspendisse accumsan tortor quis turpis. Sed ante. Vivamus tortor.)
INSERT INTO User (user_id,name,picture,status,bio,fun_fact) VALUES (100,Emmery,https://robohash.org/iureteneturdebitis.png?size=50x50&set=set1,demand-driven,Integer ac neque. Duis bibendum. Morbi non quam nec dui luctus rutrum.,"Cras pellentesque volutpat dui. Maecenas tristique, est et tempus semper, est quam pharetra magna, ac consequat metus sapien ut nunc. Vestibulum ante ipsum primis in faucibus orci luctus et ultrices posuere cubilia Curae; Mauris viverra diam vitae quam. Suspendisse potenti. Nullam porttitor lacus at turpis. Donec posuere metus vitae ipsum. Aliquam non mauris. Morbi non lectus. Aliquam sit amet diam in magna bibendum imperdiet. Nullam orci pede, venenatis non, sodales sed, tincidunt eu, felis.")
INSERT INTO User (user_id,name,picture,status,bio,fun_fact) VALUES ()